{
  "1000Users" : {
    "transaction" : "1000Users",
    "sampleCount" : 5000,
    "errorCount" : 0,
    "errorPct" : 0.0,
    "meanResTime" : 16.435999999999964,
    "medianResTime" : 15.0,
    "minResTime" : 10.0,
    "maxResTime" : 176.0,
    "pct1ResTime" : 22.0,
    "pct2ResTime" : 25.0,
    "pct3ResTime" : 34.0,
    "throughput" : 16.665000166650003,
    "receivedKBytesPerSec" : 2047.5979745775423,
    "sentKBytesPerSec" : 1.9529297070292972
  },
  "10000Users" : {
    "transaction" : "10000Users",
    "sampleCount" : 10000,
    "errorCount" : 0,
    "errorPct" : 0.0,
    "meanResTime" : 14.796000000000015,
    "medianResTime" : 13.0,
    "minResTime" : 10.0,
    "maxResTime" : 154.0,
    "pct1ResTime" : 21.0,
    "pct2ResTime" : 24.0,
    "pct3ResTime" : 34.0,
    "throughput" : 33.33311111259258,
    "receivedKBytesPerSec" : 4095.578164895567,
    "sentKBytesPerSec" : 3.9062239585069434
  },
  "1000getEfCoreById" : {
    "transaction" : "1000getEfCoreById",
    "sampleCount" : 1000,
    "errorCount" : 0,
    "errorPct" : 0.0,
    "meanResTime" : 16.860999999999976,
    "medianResTime" : 16.0,
    "minResTime" : 10.0,
    "maxResTime" : 73.0,
    "pct1ResTime" : 21.0,
    "pct2ResTime" : 25.0,
    "pct3ResTime" : 37.0,
    "throughput" : 3.333188895147877,
    "receivedKBytesPerSec" : 0.9569897804428475,
    "sentKBytesPerSec" : 0.4394340828564096
  },
  "10000getEfCoreById" : {
    "transaction" : "10000getEfCoreById",
    "sampleCount" : 10000,
    "errorCount" : 0,
    "errorPct" : 0.0,
    "meanResTime" : 13.163900000000012,
    "medianResTime" : 12.0,
    "minResTime" : 9.0,
    "maxResTime" : 78.0,
    "pct1ResTime" : 18.0,
    "pct2ResTime" : 21.0,
    "pct3ResTime" : 27.0,
    "throughput" : 33.33077797368868,
    "receivedKBytesPerSec" : 9.569578832289524,
    "sentKBytesPerSec" : 4.394194361765598
  },
  "100Users" : {
    "transaction" : "100Users",
    "sampleCount" : 100,
    "errorCount" : 0,
    "errorPct" : 0.0,
    "meanResTime" : 20.79999999999999,
    "medianResTime" : 19.5,
    "minResTime" : 13.0,
    "maxResTime" : 61.0,
    "pct1ResTime" : 26.900000000000006,
    "pct2ResTime" : 28.0,
    "pct3ResTime" : 60.82999999999991,
    "throughput" : 0.33330222512565494,
    "receivedKBytesPerSec" : 40.952232479135276,
    "sentKBytesPerSec" : 0.03905885450691268
  },
  "100getEfCoreById" : {
    "transaction" : "100getEfCoreById",
    "sampleCount" : 100,
    "errorCount" : 0,
    "errorPct" : 0.0,
    "meanResTime" : 22.719999999999988,
    "medianResTime" : 17.0,
    "minResTime" : 12.0,
    "maxResTime" : 522.0,
    "pct1ResTime" : 22.0,
    "pct2ResTime" : 24.0,
    "pct3ResTime" : 517.0799999999974,
    "throughput" : 0.3333900096349713,
    "receivedKBytesPerSec" : 0.09571939729754057,
    "sentKBytesPerSec" : 0.04395278447336047
  },
  "50000getEfCoreById" : {
    "transaction" : "50000getEfCoreById",
    "sampleCount" : 50000,
    "errorCount" : 0,
    "errorPct" : 0.0,
    "meanResTime" : 13.197560000000035,
    "medianResTime" : 10.0,
    "minResTime" : 8.0,
    "maxResTime" : 321.0,
    "pct1ResTime" : 16.0,
    "pct2ResTime" : 21.0,
    "pct3ResTime" : 45.0,
    "throughput" : 166.6550008166095,
    "receivedKBytesPerSec" : 47.848213125081244,
    "sentKBytesPerSec" : 21.97111827172098
  },
  "50000Users" : {
    "transaction" : "50000Users",
    "sampleCount" : 50000,
    "errorCount" : 0,
    "errorPct" : 0.0,
    "meanResTime" : 16.128440000000275,
    "medianResTime" : 12.0,
    "minResTime" : 9.0,
    "maxResTime" : 291.0,
    "pct1ResTime" : 21.0,
    "pct2ResTime" : 29.0,
    "pct3ResTime" : 69.0,
    "throughput" : 166.6550008166095,
    "receivedKBytesPerSec" : 20476.593982171245,
    "sentKBytesPerSec" : 19.529882908196424
  },
  "10000getEfCore" : {
    "transaction" : "10000getEfCore",
    "sampleCount" : 10000,
    "errorCount" : 0,
    "errorPct" : 0.0,
    "meanResTime" : 24.05830000000003,
    "medianResTime" : 23.0,
    "minResTime" : 18.0,
    "maxResTime" : 119.0,
    "pct1ResTime" : 28.0,
    "pct2ResTime" : 31.0,
    "pct3ResTime" : 40.98999999999978,
    "throughput" : 33.33155565036532,
    "receivedKBytesPerSec" : 4006.524599938003,
    "sentKBytesPerSec" : 4.036243067036424
  },
  "1000getEfCore" : {
    "transaction" : "1000getEfCore",
    "sampleCount" : 1000,
    "errorCount" : 0,
    "errorPct" : 0.0,
    "meanResTime" : 29.946000000000023,
    "medianResTime" : 28.0,
    "minResTime" : 20.0,
    "maxResTime" : 94.0,
    "pct1ResTime" : 36.0,
    "pct2ResTime" : 43.0,
    "pct3ResTime" : 62.97000000000003,
    "throughput" : 3.3330889068135003,
    "receivedKBytesPerSec" : 400.644447532181,
    "sentKBytesPerSec" : 0.4036162348094473
  },
  "100getEfCore" : {
    "transaction" : "100getEfCore",
    "sampleCount" : 100,
    "errorCount" : 0,
    "errorPct" : 0.0,
    "meanResTime" : 31.32999999999999,
    "medianResTime" : 29.0,
    "minResTime" : 22.0,
    "maxResTime" : 125.0,
    "pct1ResTime" : 34.0,
    "pct2ResTime" : 56.399999999999864,
    "pct3ResTime" : 124.48999999999974,
    "throughput" : 0.3332977815699659,
    "receivedKBytesPerSec" : 40.06310941416249,
    "sentKBytesPerSec" : 0.040360278236988054
  },
  "10000Plain" : {
    "transaction" : "10000Plain",
    "sampleCount" : 10000,
    "errorCount" : 0,
    "errorPct" : 0.0,
    "meanResTime" : 11.366099999999957,
    "medianResTime" : 10.0,
    "minResTime" : 8.0,
    "maxResTime" : 74.0,
    "pct1ResTime" : 16.0,
    "pct2ResTime" : 19.0,
    "pct3ResTime" : 25.0,
    "throughput" : 33.333444444814816,
    "receivedKBytesPerSec" : 7.8776304254347504,
    "sentKBytesPerSec" : 3.906263020876736
  },
  "1000Plain" : {
    "transaction" : "1000Plain",
    "sampleCount" : 1000,
    "errorCount" : 0,
    "errorPct" : 0.0,
    "meanResTime" : 14.739999999999977,
    "medianResTime" : 14.0,
    "minResTime" : 8.0,
    "maxResTime" : 57.0,
    "pct1ResTime" : 18.0,
    "pct2ResTime" : 22.0,
    "pct3ResTime" : 29.0,
    "throughput" : 3.3331222355917456,
    "receivedKBytesPerSec" : 0.7877105283332055,
    "sentKBytesPerSec" : 0.3906002619834077
  },
  "Total" : {
    "transaction" : "Total",
    "sampleCount" : 268400,
    "errorCount" : 0,
    "errorPct" : 0.0,
    "meanResTime" : 18.67991430700506,
    "medianResTime" : 9.0,
    "minResTime" : 7.0,
    "maxResTime" : 566.0,
    "pct1ResTime" : 14.0,
    "pct2ResTime" : 18.0,
    "pct3ResTime" : 37.0,
    "throughput" : 29.789715023195246,
    "receivedKBytesPerSec" : 1841.6591773854332,
    "sentKBytesPerSec" : 3.6271075578249556
  },
  "5000Users" : {
    "transaction" : "5000Users",
    "sampleCount" : 5000,
    "errorCount" : 0,
    "errorPct" : 0.0,
    "meanResTime" : 16.100399999999954,
    "medianResTime" : 15.0,
    "minResTime" : 10.0,
    "maxResTime" : 141.0,
    "pct1ResTime" : 22.0,
    "pct2ResTime" : 25.0,
    "pct3ResTime" : 32.0,
    "throughput" : 16.6660000266656,
    "receivedKBytesPerSec" : 2047.7208255419782,
    "sentKBytesPerSec" : 1.953046878124875
  },
  "50000Plain" : {
    "transaction" : "50000Plain",
    "sampleCount" : 50000,
    "errorCount" : 0,
    "errorPct" : 0.0,
    "meanResTime" : 10.858200000000068,
    "medianResTime" : 9.0,
    "minResTime" : 7.0,
    "maxResTime" : 236.0,
    "pct1ResTime" : 14.0,
    "pct2ResTime" : 18.0,
    "pct3ResTime" : 37.0,
    "throughput" : 166.6561117795873,
    "receivedKBytesPerSec" : 39.38552641666028,
    "sentKBytesPerSec" : 19.530013099170386
  },
  "5000getEfCoreById" : {
    "transaction" : "5000getEfCoreById",
    "sampleCount" : 5000,
    "errorCount" : 0,
    "errorPct" : 0.0,
    "meanResTime" : 13.928000000000015,
    "medianResTime" : 13.0,
    "minResTime" : 9.0,
    "maxResTime" : 74.0,
    "pct1ResTime" : 18.0,
    "pct2ResTime" : 21.0,
    "pct3ResTime" : 31.0,
    "throughput" : 16.666500001666652,
    "receivedKBytesPerSec" : 4.7851083989160115,
    "sentKBytesPerSec" : 2.1972436525634746
  },
  "100Plain" : {
    "transaction" : "100Plain",
    "sampleCount" : 100,
    "errorCount" : 0,