{
  "1000Users" : {
    "transaction" : "1000Users",
    "sampleCount" : 1000,
    "errorCount" : 0,
    "errorPct" : 0.0,
    "meanResTime" : 17.184999999999995,
    "medianResTime" : 16.0,
    "minResTime" : 11.0,
    "maxResTime" : 97.0,
    "pct1ResTime" : 24.0,
    "pct2ResTime" : 27.0,
    "pct3ResTime" : 43.99000000000001,
    "throughput" : 16.663889351774703,
    "receivedKBytesPerSec" : 2047.4614907932012,
    "sentKBytesPerSec" : 1.9527995334110981
  },
  "10000Users" : {
    "transaction" : "10000Users",
    "sampleCount" : 10000,
    "errorCount" : 0,
    "errorPct" : 0.0,
    "meanResTime" : 15.048600000000025,
    "medianResTime" : 13.0,
    "minResTime" : 9.0,
    "maxResTime" : 268.0,
    "pct1ResTime" : 21.0,
    "pct2ResTime" : 27.0,
    "pct3ResTime" : 57.98999999999978,
    "throughput" : 166.62501041406315,
    "receivedKBytesPerSec" : 20472.90911647088,
    "sentKBytesPerSec" : 19.526368407898026
  },
  "1000getEfCoreById" : {
    "transaction" : "1000getEfCoreById",
    "sampleCount" : 1000,
    "errorCount" : 0,
    "errorPct" : 0.0,
    "meanResTime" : 15.462999999999985,
    "medianResTime" : 14.0,
    "minResTime" : 10.0,
    "maxResTime" : 82.0,
    "pct1ResTime" : 21.0,
    "pct2ResTime" : 25.0,
    "pct3ResTime" : 39.0,
    "throughput" : 16.661668166216803,
    "receivedKBytesPerSec" : 4.848805774934187,
    "sentKBytesPerSec" : 2.196606643007098
  },
  "10000getEfCoreById" : {
    "transaction" : "10000getEfCoreById",
    "sampleCount" : 10000,
    "errorCount" : 0,
    "errorPct" : 0.0,
    "meanResTime" : 13.263200000000001,
    "medianResTime" : 12.0,
    "minResTime" : 8.0,
    "maxResTime" : 181.0,
    "pct1ResTime" : 17.0,
    "pct2ResTime" : 21.0,
    "pct3ResTime" : 43.0,
    "throughput" : 166.63333999866694,
    "receivedKBytesPerSec" : 48.49290558554956,
    "sentKBytesPerSec" : 21.968262597480503
  },
  "100Users" : {
    "transaction" : "100Users",
    "sampleCount" : 100,
    "errorCount" : 0,
    "errorPct" : 0.0,
    "meanResTime" : 21.63999999999999,
    "medianResTime" : 19.0,
    "minResTime" : 13.0,
    "maxResTime" : 75.0,
    "pct1ResTime" : 29.0,
    "pct2ResTime" : 42.799999999999955,
    "pct3ResTime" : 74.82999999999991,
    "throughput" : 1.6658337497917708,
    "receivedKBytesPerSec" : 204.67793447026486,
    "sentKBytesPerSec" : 0.19521489255372312
  },
  "100getEfCoreById" : {
    "transaction" : "100getEfCoreById",
    "sampleCount" : 100,
    "errorCount" : 0,
    "errorPct" : 0.0,
    "meanResTime" : 24.909999999999993,
    "medianResTime" : 18.0,
    "minResTime" : 12.0,
    "maxResTime" : 557.0,
    "pct1ResTime" : 26.80000000000001,
    "pct2ResTime" : 35.0,
    "pct3ResTime" : 551.9899999999975,
    "throughput" : 1.6679176048703195,
    "receivedKBytesPerSec" : 0.4544423942957218,
    "sentKBytesPerSec" : 0.22803561004086398
  },
  "50000getEfCoreById" : {
    "transaction" : "50000getEfCoreById",
    "sampleCount" : 50000,
    "errorCount" : 30789,
    "errorPct" : 61.578,
    "meanResTime" : 13324.84283999998,
    "medianResTime" : 21044.0,
    "minResTime" : 0.0,
    "maxResTime" : 42219.0,
    "pct1ResTime" : 32620.0,
    "pct2ResTime" : 34112.0,
    "pct3ResTime" : 36259.0,
    "throughput" : 416.9098640873843,
    "receivedKBytesPerSec" : 758.8757015811307,
    "sentKBytesPerSec" : 21.11815388403652
  },
  "50000Users" : {
    "transaction" : "50000Users",
    "sampleCount" : 50000,
    "errorCount" : 17743,
    "errorPct" : 35.486,
    "meanResTime" : 13319.478499999977,
    "medianResTime" : 16110.5,
    "minResTime" : 33.0,
    "maxResTime" : 123918.0,
    "pct1ResTime" : 21049.0,
    "pct2ResTime" : 22555.850000000002,
    "pct3ResTime" : 30804.590000000066,
    "throughput" : 230.11676124465555,
    "receivedKBytesPerSec" : 18471.0638824624,
    "sentKBytesPerSec" : 17.397366486255127
  },
  "10000getEfCore" : {
    "transaction" : "10000getEfCore",
    "sampleCount" : 10000,
    "errorCount" : 0,
    "errorPct" : 0.0,
    "meanResTime" : 32.123899999999935,
    "medianResTime" : 28.0,
    "minResTime" : 17.0,
    "maxResTime" : 381.0,
    "pct1ResTime" : 42.0,
    "pct2ResTime" : 53.0,
    "pct3ResTime" : 109.0,
    "throughput" : 166.58615002748672,
    "receivedKBytesPerSec" : 20026.778723616917,
    "sentKBytesPerSec" : 20.172541604890966
  },
  "1000getEfCore" : {
    "transaction" : "1000getEfCore",
    "sampleCount" : 1000,
    "errorCount" : 0,
    "errorPct" : 0.0,
    "meanResTime" : 25.59300000000002,
    "medianResTime" : 23.0,
    "minResTime" : 18.0,
    "maxResTime" : 171.0,
    "pct1ResTime" : 34.0,
    "pct2ResTime" : 38.0,
    "pct3ResTime" : 58.99000000000001,
    "throughput" : 16.65639522294585,
    "receivedKBytesPerSec" : 2002.4110132085214,
    "sentKBytesPerSec" : 2.016985359028599
  },
  "100getEfCore" : {
    "transaction" : "100getEfCore",
    "sampleCount" : 100,
    "errorCount" : 0,
    "errorPct" : 0.0,
    "meanResTime" : 30.500000000000004,
    "medianResTime" : 29.0,
    "minResTime" : 23.0,
    "maxResTime" : 87.0,
    "pct1ResTime" : 35.0,
    "pct2ResTime" : 38.94999999999999,
    "pct3ResTime" : 86.67999999999984,
    "throughput" : 1.6658337497917708,
    "receivedKBytesPerSec" : 200.26445110777945,
    "sentKBytesPerSec" : 0.20172205563884724
  },
  "10000Plain" : {
    "transaction" : "10000Plain",
    "sampleCount" : 10000,
    "errorCount" : 0,
    "errorPct" : 0.0,
    "meanResTime" : 10.824400000000006,
    "medianResTime" : 9.0,
    "minResTime" : 7.0,
    "maxResTime" : 153.0,
    "pct1ResTime" : 15.0,
    "pct2ResTime" : 19.0,
    "pct3ResTime" : 34.0,
    "throughput" : 166.63056337793478,
    "receivedKBytesPerSec" : 39.379488610801,
    "sentKBytesPerSec" : 19.52701914585173
  },
  "1000Plain" : {
    "transaction" : "1000Plain",
    "sampleCount" : 1000,
    "errorCount" : 0,
    "errorPct" : 0.0,
    "meanResTime" : 14.730000000000006,
    "medianResTime" : 14.0,
    "minResTime" : 9.0,
    "maxResTime" : 64.0,
    "pct1ResTime" : 20.0,
    "pct2ResTime" : 22.0,
    "pct3ResTime" : 32.99000000000001,
    "throughput" : 16.665000166650003,
    "receivedKBytesPerSec" : 3.9384082425090825,
    "sentKBytesPerSec" : 1.952929707029297
  },
  "Total" : {
    "transaction" : "Total",
    "sampleCount" : 264400,
    "errorCount" : 76475,
    "errorPct" : 28.923979,
    "meanResTime" : 8480.44691754935,
    "medianResTime" : 1101.0,
    "minResTime" : 0.0,
    "maxResTime" : 123918.0,
    "pct1ResTime" : 2810.9000000000015,
    "pct2ResTime" : 3218.0,
    "pct3ResTime" : 4281.990000000002,
    "throughput" : 56.7428854100607,
    "receivedKBytesPerSec" : 2311.825613627011,
    "sentKBytesPerSec" : 4.931841245534771
  },
  "5000Users" : {
    "transaction" : "5000Users",
    "sampleCount" : 5000,
    "errorCount" : 0,
    "errorPct" : 0.0,
    "meanResTime" : 14.910400000000019,
    "medianResTime" : 12.0,
    "minResTime" : 9.0,
    "maxResTime" : 123.0,
    "pct1ResTime" : 21.0,
    "pct2ResTime" : 28.0,
    "pct3ResTime" : 51.98999999999978,
    "throughput" : 83.29723786359244,
    "receivedKBytesPerSec" : 10234.578687776962,
    "sentKBytesPerSec" : 9.761395062139739
  },
  "50000Plain" : {
    "transaction" : "50000Plain",
    "sampleCount" : 50000,
    "errorCount" : 0,
    "errorPct" : 0.0,
    "meanResTime" : 1225.4782999999923,
    "medianResTime" : 1101.0,
    "minResTime" : 15.0,
    "maxResTime" : 11393.0,
    "pct1ResTime" : 2810.9000000000015,
    "pct2ResTime" : 3218.0,
    "pct3ResTime" : 4281.990000000002,
    "throughput" : 506.7550447464705,
    "receivedKBytesPerSec" : 119.76046955922446,
    "sentKBytesPerSec" : 59.38535680622701
  },
  "5000getEfCoreById" : {
    "transaction" : "5000getEfCoreById",
    "sampleCount" : 5000,
    "errorCount" : 0,
    "errorPct" : 0.0,
    "meanResTime" : 15.235400000000027,
    "medianResTime" : 12.0,
    "minResTime" : 9.0,
    "maxResTime" : 141.0,
    "pct1ResTime" : 21.0,
    "pct2ResTime" : 28.0,
    "pct3ResTime" : 64.98999999999978,