{
  "1000Users" : {
    "transaction" : "1000Users",
    "sampleCount" : 1000,
    "errorCount" : 0,
    "errorPct" : 0.0,
    "meanResTime" : 17.555999999999987,
    "medianResTime" : 18.0,
    "minResTime" : 11.0,
    "maxResTime" : 39.0,
    "pct1ResTime" : 20.0,
    "pct2ResTime" : 21.0,
    "pct3ResTime" : 24.0,
    "throughput" : 3.3331222355917456,
    "receivedKBytesPerSec" : 409.5346096830534,
    "sentKBytesPerSec" : 0.3906002619834077
  },
  "10000Users" : {
    "transaction" : "10000Users",
    "sampleCount" : 10000,
    "errorCount" : 0,
    "errorPct" : 0.0,
    "meanResTime" : 13.495299999999956,
    "medianResTime" : 13.0,
    "minResTime" : 10.0,
    "maxResTime" : 75.0,
    "pct1ResTime" : 16.0,
    "pct2ResTime" : 21.0,
    "pct3ResTime" : 25.0,
    "throughput" : 33.331444551475414,
    "receivedKBytesPerSec" : 4095.373397590803,
    "sentKBytesPerSec" : 3.9060286583760253
  },
  "1000getEfCoreById" : {
    "transaction" : "1000getEfCoreById",
    "sampleCount" : 1000,
    "errorCount" : 0,
    "errorPct" : 0.0,
    "meanResTime" : 15.904999999999996,
    "medianResTime" : 16.0,
    "minResTime" : 11.0,
    "maxResTime" : 322.0,
    "pct1ResTime" : 18.0,
    "pct2ResTime" : 18.0,
    "pct3ResTime" : 22.99000000000001,
    "throughput" : 3.333266667999973,
    "receivedKBytesPerSec" : 0.9732878259101485,
    "sentKBytesPerSec" : 0.43944433611327777
  },
  "10000getEfCoreById" : {
    "transaction" : "10000getEfCoreById",
    "sampleCount" : 10000,
    "errorCount" : 0,
    "errorPct" : 0.0,
    "meanResTime" : 13.611400000000005,
    "medianResTime" : 13.0,
    "minResTime" : 10.0,
    "maxResTime" : 86.0,
    "pct1ResTime" : 16.0,
    "pct2ResTime" : 18.0,
    "pct3ResTime" : 23.0,
    "throughput" : 33.33311111259258,
    "receivedKBytesPerSec" : 9.733008029946467,
    "sentKBytesPerSec" : 4.394501953320311
  },
  "100Users" : {
    "transaction" : "100Users",
    "sampleCount" : 100,
    "errorCount" : 0,
    "errorPct" : 0.0,
    "meanResTime" : 20.120000000000005,
    "medianResTime" : 19.0,
    "minResTime" : 13.0,
    "maxResTime" : 104.0,
    "pct1ResTime" : 23.900000000000006,
    "pct2ResTime" : 27.94999999999999,
    "pct3ResTime" : 103.30999999999965,
    "throughput" : 0.3333122235591746,
    "receivedKBytesPerSec" : 40.95346096830534,
    "sentKBytesPerSec" : 0.03906002619834077
  },
  "100getEfCoreById" : {
    "transaction" : "100getEfCoreById",
    "sampleCount" : 100,
    "errorCount" : 0,
    "errorPct" : 0.0,
    "meanResTime" : 29.349999999999994,
    "medianResTime" : 18.0,
    "minResTime" : 13.0,
    "maxResTime" : 1077.0,
    "pct1ResTime" : 23.900000000000006,
    "pct2ResTime" : 28.849999999999966,
    "pct3ResTime" : 1066.8399999999947,
    "throughput" : 0.3333844522826834,
    "receivedKBytesPerSec" : 0.09115981117104623,
    "sentKBytesPerSec" : 0.04557990558552311
  },
  "50000getEfCoreById" : {
    "transaction" : "50000getEfCoreById",
    "sampleCount" : 50000,
    "errorCount" : 0,
    "errorPct" : 0.0,
    "meanResTime" : 14.697299999999991,
    "medianResTime" : 13.0,
    "minResTime" : 8.0,
    "maxResTime" : 326.0,
    "pct1ResTime" : 16.0,
    "pct2ResTime" : 18.0,
    "pct3ResTime" : 31.0,
    "throughput" : 166.660000266656,
    "receivedKBytesPerSec" : 48.66341804661147,
    "sentKBytesPerSec" : 21.971777378904843
  },
  "50000Users" : {
    "transaction" : "50000Users",
    "sampleCount" : 50000,
    "errorCount" : 0,
    "errorPct" : 0.0,
    "meanResTime" : 15.231000000000007,
    "medianResTime" : 12.0,
    "minResTime" : 9.0,
    "maxResTime" : 392.0,
    "pct1ResTime" : 16.0,
    "pct2ResTime" : 26.0,
    "pct3ResTime" : 70.0,
    "throughput" : 166.65722275737707,
    "receivedKBytesPerSec" : 20476.866987954018,
    "sentKBytesPerSec" : 19.530143291880126
  },
  "10000getEfCore" : {
    "transaction" : "10000getEfCore",
    "sampleCount" : 10000,
    "errorCount" : 0,
    "errorPct" : 0.0,
    "meanResTime" : 26.908700000000017,
    "medianResTime" : 26.0,
    "minResTime" : 19.0,
    "maxResTime" : 332.0,
    "pct1ResTime" : 31.0,
    "pct2ResTime" : 33.0,
    "pct3ResTime" : 43.0,
    "throughput" : 33.32933381327574,
    "receivedKBytesPerSec" : 4004.890506889173,
    "sentKBytesPerSec" : 4.035974016451359
  },
  "1000getEfCore" : {
    "transaction" : "1000getEfCore",
    "sampleCount" : 1000,
    "errorCount" : 0,
    "errorPct" : 0.0,
    "meanResTime" : 27.792999999999967,
    "medianResTime" : 28.0,
    "minResTime" : 19.0,
    "maxResTime" : 92.0,
    "pct1ResTime" : 31.0,
    "pct2ResTime" : 32.94999999999993,
    "pct3ResTime" : 35.0,
    "throughput" : 3.3330444694793115,
    "receivedKBytesPerSec" : 400.50239916707216,
    "sentKBytesPerSec" : 0.4036108537260104
  },
  "100getEfCore" : {
    "transaction" : "100getEfCore",
    "sampleCount" : 100,
    "errorCount" : 0,
    "errorPct" : 0.0,
    "meanResTime" : 32.149999999999984,
    "medianResTime" : 30.0,
    "minResTime" : 24.0,
    "maxResTime" : 154.0,
    "pct1ResTime" : 35.0,
    "pct2ResTime" : 41.94999999999999,
    "pct3ResTime" : 153.0399999999995,
    "throughput" : 0.33330222512565494,
    "receivedKBytesPerSec" : 40.0499729400256,
    "sentKBytesPerSec" : 0.04036081632380978
  },
  "10000Plain" : {
    "transaction" : "10000Plain",
    "sampleCount" : 10000,
    "errorCount" : 0,
    "errorPct" : 0.0,
    "meanResTime" : 11.381599999999999,
    "medianResTime" : 10.0,
    "minResTime" : 8.0,
    "maxResTime" : 82.0,
    "pct1ResTime" : 15.899999999999636,
    "pct2ResTime" : 19.0,
    "pct3ResTime" : 23.0,
    "throughput" : 33.332222259258025,
    "receivedKBytesPerSec" : 5.403465717809406,
    "sentKBytesPerSec" : 3.9061197960068
  },
  "1000Plain" : {
    "transaction" : "1000Plain",
    "sampleCount" : 1000,
    "errorCount" : 0,
    "errorPct" : 0.0,
    "meanResTime" : 13.970999999999986,
    "medianResTime" : 14.0,
    "minResTime" : 9.0,
    "maxResTime" : 313.0,
    "pct1ResTime" : 16.0,
    "pct2ResTime" : 16.0,
    "pct3ResTime" : 18.0,
    "throughput" : 3.33320000533312,
    "receivedKBytesPerSec" : 0.5403429696145488,
    "sentKBytesPerSec" : 0.390609375624975
  },
  "Total" : {
    "transaction" : "Total",
    "sampleCount" : 264400,
    "errorCount" : 0,
    "errorPct" : 0.0,
    "meanResTime" : 40.53113842662627,
    "medianResTime" : 8.0,
    "minResTime" : 6.0,
    "maxResTime" : 2774.0,
    "pct1ResTime" : 10.0,
    "pct2ResTime" : 12.0,
    "pct3ResTime" : 32.0,
    "throughput" : 31.923060112667635,
    "receivedKBytesPerSec" : 1943.183567164114,
    "sentKBytesPerSec" : 3.8891231620394726
  },
  "5000Users" : {
    "transaction" : "5000Users",
    "sampleCount" : 5000,
    "errorCount" : 0,
    "errorPct" : 0.0,
    "meanResTime" : 14.769200000000009,
    "medianResTime" : 14.0,
    "minResTime" : 10.0,
    "maxResTime" : 68.0,
    "pct1ResTime" : 18.0,
    "pct2ResTime" : 21.0,
    "pct3ResTime" : 26.0,
    "throughput" : 16.666611111296298,
    "receivedKBytesPerSec" : 2047.795908388639,
    "sentKBytesPerSec" : 1.9531184896050349
  },
  "50000Plain" : {
    "transaction" : "50000Plain",
    "sampleCount" : 50000,
    "errorCount" : 0,
    "errorPct" : 0.0,
    "meanResTime" : 9.576540000000065,
    "medianResTime" : 8.0,
    "minResTime" : 6.0,
    "maxResTime" : 320.0,
    "pct1ResTime" : 10.0,
    "pct2ResTime" : 12.0,
    "pct3ResTime" : 32.0,
    "throughput" : 166.6550008166095,
    "receivedKBytesPerSec" : 27.016338023005055,
    "sentKBytesPerSec" : 19.529882908196424
  },
  "5000getEfCoreById" : {
    "transaction" : "5000getEfCoreById",
    "sampleCount" : 5000,
    "errorCount" : 0,
    "errorPct" : 0.0,
    "meanResTime" : 12.774599999999982,
    "medianResTime" : 12.0,
    "minResTime" : 10.0,
    "maxResTime" : 85.0,
    "pct1ResTime" : 15.0,
    "pct2ResTime" : 16.0,
    "pct3ResTime" : 19.0,
    "throughput" : 16.666055577962144,
    "receivedKBytesPerSec" : 4.866358025205742,
    "sentKBytesPerSec" : 2.197185061547743
  },