{
  "1000Users" : {
    "transaction" : "1000Users",
    "sampleCount" : 1000,
    "errorCount" : 0,
    "errorPct" : 0.0,
    "meanResTime" : 17.766000000000016,
    "medianResTime" : 18.0,
    "minResTime" : 12.0,
    "maxResTime" : 27.0,
    "pct1ResTime" : 20.0,
    "pct2ResTime" : 21.0,
    "pct3ResTime" : 24.0,
    "throughput" : 3.3331444551475418,
    "receivedKBytesPerSec" : 409.53733975908034,
    "sentKBytesPerSec" : 0.39060286583760256
  },
  "10000Users" : {
    "transaction" : "10000Users",
    "sampleCount" : 10000,
    "errorCount" : 0,
    "errorPct" : 0.0,
    "meanResTime" : 13.411700000000014,
    "medianResTime" : 13.0,
    "minResTime" : 10.0,
    "maxResTime" : 80.0,
    "pct1ResTime" : 16.0,
    "pct2ResTime" : 21.0,
    "pct3ResTime" : 25.0,
    "throughput" : 33.33177785036698,
    "receivedKBytesPerSec" : 4095.414349413694,
    "sentKBytesPerSec" : 3.9060677168398805
  },
  "1000getEfCoreById" : {
    "transaction" : "1000getEfCoreById",
    "sampleCount" : 1000,
    "errorCount" : 0,
    "errorPct" : 0.0,
    "meanResTime" : 15.33,
    "medianResTime" : 16.0,
    "minResTime" : 11.0,
    "maxResTime" : 77.0,
    "pct1ResTime" : 17.0,
    "pct2ResTime" : 18.0,
    "pct3ResTime" : 21.0,
    "throughput" : 3.3332444468147515,
    "receivedKBytesPerSec" : 0.9667710944374818,
    "sentKBytesPerSec" : 0.4394414065624917
  },
  "10000getEfCoreById" : {
    "transaction" : "10000getEfCoreById",
    "sampleCount" : 10000,
    "errorCount" : 0,
    "errorPct" : 0.0,
    "meanResTime" : 13.228600000000023,
    "medianResTime" : 13.0,
    "minResTime" : 10.0,
    "maxResTime" : 330.0,
    "pct1ResTime" : 15.0,
    "pct2ResTime" : 17.0,
    "pct3ResTime" : 23.0,
    "throughput" : 33.33188895147877,
    "receivedKBytesPerSec" : 9.66754982284101,
    "sentKBytesPerSec" : 4.394340828564096
  },
  "100Users" : {
    "transaction" : "100Users",
    "sampleCount" : 100,
    "errorCount" : 0,
    "errorPct" : 0.0,
    "meanResTime" : 17.98999999999999,
    "medianResTime" : 18.0,
    "minResTime" : 13.0,
    "maxResTime" : 29.0,
    "pct1ResTime" : 20.900000000000006,
    "pct2ResTime" : 22.94999999999999,
    "pct3ResTime" : 28.97999999999999,
    "throughput" : 0.333320000533312,
    "receivedKBytesPerSec" : 40.954416510839565,
    "sentKBytesPerSec" : 0.0390609375624975
  },
  "100getEfCoreById" : {
    "transaction" : "100getEfCoreById",
    "sampleCount" : 100,
    "errorCount" : 0,
    "errorPct" : 0.0,
    "meanResTime" : 21.89,
    "medianResTime" : 17.0,
    "minResTime" : 13.0,
    "maxResTime" : 487.0,
    "pct1ResTime" : 19.0,
    "pct2ResTime" : 21.0,
    "pct3ResTime" : 482.38999999999766,
    "throughput" : 0.3333744495154402,
    "receivedKBytesPerSec" : 0.09050595406766834,
    "sentKBytesPerSec" : 0.04557853801968909
  },
  "50000getEfCoreById" : {
    "transaction" : "50000getEfCoreById",
    "sampleCount" : 50000,
    "errorCount" : 0,
    "errorPct" : 0.0,
    "meanResTime" : 12.612819999999997,
    "medianResTime" : 11.0,
    "minResTime" : 8.0,
    "maxResTime" : 327.0,
    "pct1ResTime" : 13.0,
    "pct2ResTime" : 14.0,
    "pct3ResTime" : 33.0,
    "throughput" : 166.65666726663068,
    "receivedKBytesPerSec" : 48.336943533388,
    "sentKBytesPerSec" : 21.97133796972182
  },
  "50000Users" : {
    "transaction" : "50000Users",
    "sampleCount" : 50000,
    "errorCount" : 0,
    "errorPct" : 0.0,
    "meanResTime" : 13.527879999999978,
    "medianResTime" : 11.0,
    "minResTime" : 9.0,
    "maxResTime" : 524.0,
    "pct1ResTime" : 14.0,
    "pct2ResTime" : 16.0,
    "pct3ResTime" : 57.0,
    "throughput" : 166.65333439991468,
    "receivedKBytesPerSec" : 20476.389232611393,
    "sentKBytesPerSec" : 19.52968762499
  },
  "10000getEfCore" : {
    "transaction" : "10000getEfCore",
    "sampleCount" : 10000,
    "errorCount" : 0,
    "errorPct" : 0.0,
    "meanResTime" : 24.754199999999987,
    "medianResTime" : 24.0,
    "minResTime" : 19.0,
    "maxResTime" : 104.0,
    "pct1ResTime" : 28.0,
    "pct2ResTime" : 29.0,
    "pct3ResTime" : 32.0,
    "throughput" : 33.32911164585819,
    "receivedKBytesPerSec" : 3999.4933975029826,
    "sentKBytesPerSec" : 4.035947113365641
  },
  "1000getEfCore" : {
    "transaction" : "1000getEfCore",
    "sampleCount" : 1000,
    "errorCount" : 0,
    "errorPct" : 0.0,
    "meanResTime" : 28.109000000000005,
    "medianResTime" : 28.0,
    "minResTime" : 20.0,
    "maxResTime" : 82.0,
    "pct1ResTime" : 31.0,
    "pct2ResTime" : 32.0,
    "pct3ResTime" : 35.99000000000001,
    "throughput" : 3.33310001633219,
    "receivedKBytesPerSec" : 399.9720019598628,
    "sentKBytesPerSec" : 0.40361758010272614
  },
  "100getEfCore" : {
    "transaction" : "100getEfCore",
    "sampleCount" : 100,
    "errorCount" : 0,
    "errorPct" : 0.0,
    "meanResTime" : 28.670000000000005,
    "medianResTime" : 27.0,
    "minResTime" : 22.0,
    "maxResTime" : 166.0,
    "pct1ResTime" : 30.0,
    "pct2ResTime" : 31.0,
    "pct3ResTime" : 164.67999999999932,
    "throughput" : 0.33330111422562486,
    "receivedKBytesPerSec" : 39.99613370707498,
    "sentKBytesPerSec" : 0.04036068180075926
  },
  "10000Plain" : {
    "transaction" : "10000Plain",
    "sampleCount" : 10000,
    "errorCount" : 0,
    "errorPct" : 0.0,
    "meanResTime" : 10.712999999999958,
    "medianResTime" : 10.0,
    "minResTime" : 8.0,
    "maxResTime" : 71.0,
    "pct1ResTime" : 14.0,
    "pct2ResTime" : 18.0,
    "pct3ResTime" : 21.0,
    "throughput" : 33.333333333333336,
    "receivedKBytesPerSec" : 7.877604166666667,
    "sentKBytesPerSec" : 3.90625
  },
  "1000Plain" : {
    "transaction" : "1000Plain",
    "sampleCount" : 1000,
    "errorCount" : 0,
    "errorPct" : 0.0,
    "meanResTime" : 13.922999999999986,
    "medianResTime" : 14.0,
    "minResTime" : 10.0,
    "maxResTime" : 49.0,
    "pct1ResTime" : 16.0,
    "pct2ResTime" : 16.0,
    "pct3ResTime" : 20.0,
    "throughput" : 3.33320000533312,
    "receivedKBytesPerSec" : 0.7877289075103663,
    "sentKBytesPerSec" : 0.390609375624975
  },
  "Total" : {
    "transaction" : "Total",
    "sampleCount" : 264400,
    "errorCount" : 20000,
    "errorPct" : 7.5642967,
    "meanResTime" : 1615.4360741301257,
    "medianResTime" : 8.0,
    "minResTime" : 6.0,
    "maxResTime" : 21068.0,
    "pct1ResTime" : 9.0,
    "pct2ResTime" : 9.0,
    "pct3ResTime" : 16.0,
    "throughput" : 32.72381312128368,
    "receivedKBytesPerSec" : 1847.4585072082427,
    "sentKBytesPerSec" : 3.685117792422358
  },
  "5000Users" : {
    "transaction" : "5000Users",
    "sampleCount" : 5000,
    "errorCount" : 5000,
    "errorPct" : 100.0,
    "meanResTime" : 21047.71720000004,
    "medianResTime" : 21048.0,
    "minResTime" : 21023.0,
    "maxResTime" : 21068.0,
    "pct1ResTime" : 21055.0,
    "pct2ResTime" : 21057.0,
    "pct3ResTime" : 21060.0,
    "throughput" : 15.573558589284769,
    "receivedKBytesPerSec" : 43.28354271982857,
    "sentKBytesPerSec" : 0.0
  },
  "50000Plain" : {
    "transaction" : "50000Plain",
    "sampleCount" : 50000,
    "errorCount" : 0,
    "errorPct" : 0.0,
    "meanResTime" : 8.754179999999955,
    "medianResTime" : 8.0,
    "minResTime" : 6.0,
    "maxResTime" : 408.0,
    "pct1ResTime" : 9.0,
    "pct2ResTime" : 9.0,
    "pct3ResTime" : 16.0,
    "throughput" : 166.660000266656,
    "receivedKBytesPerSec" : 39.38644537551831,
    "sentKBytesPerSec" : 19.53046878124875
  },
  "5000getEfCoreById" : {
    "transaction" : "5000getEfCoreById",
    "sampleCount" : 5000,
    "errorCount" : 5000,
    "errorPct" : 100.0,
    "meanResTime" : 21047.940800000015,
    "medianResTime" : 21048.0,
    "minResTime" : 21021.0,
    "maxResTime" : 21068.0,
    "pct1ResTime" : 21056.0,
    "pct2ResTime" : 21058.0,
    "pct3ResTime" : 21061.0,
    "throughput" : 15.573946656117913,
    "receivedKBytesPerSec" : 43.28462127276522,
    "sentKBytesPerSec" : 0.0
  },
  "100Plain" : {
    "transaction" : "100Plain",
    "sampleCount" : 100,
    "errorCount" : 0,
    "errorPct" : 0.0,