{
  "1000Users" : {
    "transaction" : "1000Users",
    "sampleCount" : 1000,
    "errorCount" : 0,
    "errorPct" : 0.0,
    "meanResTime" : 15.332000000000019,
    "medianResTime" : 14.0,
    "minResTime" : 10.0,
    "maxResTime" : 40.0,
    "pct1ResTime" : 20.0,
    "pct2ResTime" : 23.0,
    "pct3ResTime" : 26.0,
    "throughput" : 16.660835374285668,
    "receivedKBytesPerSec" : 2047.086254186035,
    "sentKBytesPerSec" : 1.9524416454241016
  },
  "10000Users" : {
    "transaction" : "10000Users",
    "sampleCount" : 10000,
    "errorCount" : 0,
    "errorPct" : 0.0,
    "meanResTime" : 11.563900000000007,
    "medianResTime" : 10.0,
    "minResTime" : 8.0,
    "maxResTime" : 205.0,
    "pct1ResTime" : 14.0,
    "pct2ResTime" : 16.0,
    "pct3ResTime" : 36.0,
    "throughput" : 166.59447572718489,
    "receivedKBytesPerSec" : 20469.157375553925,
    "sentKBytesPerSec" : 19.522790124279478
  },
  "1000getEfCoreById" : {
    "transaction" : "1000getEfCoreById",
    "sampleCount" : 1000,
    "errorCount" : 0,
    "errorPct" : 0.0,
    "meanResTime" : 12.916000000000002,
    "medianResTime" : 13.0,
    "minResTime" : 10.0,
    "maxResTime" : 39.0,
    "pct1ResTime" : 15.0,
    "pct2ResTime" : 16.0,
    "pct3ResTime" : 20.0,
    "throughput" : 16.660002665600427,
    "receivedKBytesPerSec" : 4.832051554378249,
    "sentKBytesPerSec" : 2.196387070171931
  },
  "10000getEfCoreById" : {
    "transaction" : "10000getEfCoreById",
    "sampleCount" : 10000,
    "errorCount" : 0,
    "errorPct" : 0.0,
    "meanResTime" : 10.895100000000031,
    "medianResTime" : 10.0,
    "minResTime" : 7.0,
    "maxResTime" : 206.0,
    "pct1ResTime" : 12.0,
    "pct2ResTime" : 13.0,
    "pct3ResTime" : 26.0,
    "throughput" : 166.59447572718489,
    "receivedKBytesPerSec" : 48.318905557591705,
    "sentKBytesPerSec" : 21.963138889814413
  },
  "100Users" : {
    "transaction" : "100Users",
    "sampleCount" : 100,
    "errorCount" : 0,
    "errorPct" : 0.0,
    "meanResTime" : 17.310000000000006,
    "medianResTime" : 17.5,
    "minResTime" : 12.0,
    "maxResTime" : 33.0,
    "pct1ResTime" : 20.0,
    "pct2ResTime" : 21.0,
    "pct3ResTime" : 32.889999999999944,
    "throughput" : 1.6659170040148599,
    "receivedKBytesPerSec" : 204.68816376380627,
    "sentKBytesPerSec" : 0.1952246489079914
  },
  "100getEfCoreById" : {
    "transaction" : "100getEfCoreById",
    "sampleCount" : 100,
    "errorCount" : 0,
    "errorPct" : 0.0,
    "meanResTime" : 22.78,
    "medianResTime" : 17.0,
    "minResTime" : 13.0,
    "maxResTime" : 548.0,
    "pct1ResTime" : 20.900000000000006,
    "pct2ResTime" : 24.899999999999977,
    "pct3ResTime" : 542.8999999999974,
    "throughput" : 1.66761164659974,
    "receivedKBytesPerSec" : 0.45273050561985123,
    "sentKBytesPerSec" : 0.22799377980855817
  },
  "50000getEfCoreById" : {
    "transaction" : "50000getEfCoreById",
    "sampleCount" : 50000,
    "errorCount" : 3948,
    "errorPct" : 7.896,
    "meanResTime" : 7131.259879999987,
    "medianResTime" : 11177.0,
    "minResTime" : 11.0,
    "maxResTime" : 23486.0,
    "pct1ResTime" : 13884.900000000001,
    "pct2ResTime" : 15032.0,
    "pct3ResTime" : 16449.0,
    "throughput" : 472.2951655866851,
    "receivedKBytesPerSec" : 231.27124590283944,
    "sentKBytesPerSec" : 57.34899395226041
  },
  "50000Users" : {
    "transaction" : "50000Users",
    "sampleCount" : 50000,
    "errorCount" : 9815,
    "errorPct" : 19.63,
    "meanResTime" : 7007.097220000063,
    "medianResTime" : 11001.0,
    "minResTime" : 2.0,
    "maxResTime" : 22388.0,
    "pct1ResTime" : 16455.0,
    "pct2ResTime" : 17251.0,
    "pct3ResTime" : 21783.0,
    "throughput" : 431.01590448687557,
    "receivedKBytesPerSec" : 42793.32395088035,
    "sentKBytesPerSec" : 40.59462684798069
  },
  "10000getEfCore" : {
    "transaction" : "10000getEfCore",
    "sampleCount" : 10000,
    "errorCount" : 0,
    "errorPct" : 0.0,
    "meanResTime" : 36.38909999999998,
    "medianResTime" : 27.0,
    "minResTime" : 15.0,
    "maxResTime" : 427.0,
    "pct1ResTime" : 69.0,
    "pct2ResTime" : 90.0,
    "pct3ResTime" : 142.0,
    "throughput" : 166.55008160954,
    "receivedKBytesPerSec" : 20052.694884414243,
    "sentKBytesPerSec" : 20.16817394490523
  },
  "1000getEfCore" : {
    "transaction" : "1000getEfCore",
    "sampleCount" : 1000,
    "errorCount" : 0,
    "errorPct" : 0.0,
    "meanResTime" : 24.041000000000015,
    "medianResTime" : 23.0,
    "minResTime" : 18.0,
    "maxResTime" : 96.0,
    "pct1ResTime" : 29.0,
    "pct2ResTime" : 33.0,
    "pct3ResTime" : 36.99000000000001,
    "throughput" : 16.657505038895277,
    "receivedKBytesPerSec" : 2005.5701135208967,
    "sentKBytesPerSec" : 2.0171197508037246
  },
  "100getEfCore" : {
    "transaction" : "100getEfCore",
    "sampleCount" : 100,
    "errorCount" : 0,
    "errorPct" : 0.0,
    "meanResTime" : 29.230000000000004,
    "medianResTime" : 28.0,
    "minResTime" : 20.0,
    "maxResTime" : 143.0,
    "pct1ResTime" : 33.0,
    "pct2ResTime" : 35.0,
    "pct3ResTime" : 141.94999999999948,
    "throughput" : 1.6658615002748671,
    "receivedKBytesPerSec" : 200.57037536024254,
    "sentKBytesPerSec" : 0.20172541604890967
  },
  "10000Plain" : {
    "transaction" : "10000Plain",
    "sampleCount" : 10000,
    "errorCount" : 0,
    "errorPct" : 0.0,
    "meanResTime" : 7.807300000000013,
    "medianResTime" : 8.0,
    "minResTime" : 6.0,
    "maxResTime" : 159.0,
    "pct1ResTime" : 8.0,
    "pct2ResTime" : 9.0,
    "pct3ResTime" : 13.0,
    "throughput" : 166.62778684973506,
    "receivedKBytesPerSec" : 27.011926383843768,
    "sentKBytesPerSec" : 19.526693771453328
  },
  "1000Plain" : {
    "transaction" : "1000Plain",
    "sampleCount" : 1000,
    "errorCount" : 0,
    "errorPct" : 0.0,
    "meanResTime" : 12.760999999999997,
    "medianResTime" : 13.0,
    "minResTime" : 9.0,
    "maxResTime" : 58.0,
    "pct1ResTime" : 16.0,
    "pct2ResTime" : 18.0,
    "pct3ResTime" : 21.0,
    "throughput" : 16.661945782028425,
    "receivedKBytesPerSec" : 2.701057617008514,
    "sentKBytesPerSec" : 1.952571771331456
  },
  "Total" : {
    "transaction" : "Total",
    "sampleCount" : 264400,
    "errorCount" : 45764,
    "errorPct" : 17.308622,
    "meanResTime" : 5701.648997730667,
    "medianResTime" : 338.0,
    "minResTime" : 0.0,
    "maxResTime" : 47275.0,
    "pct1ResTime" : 1208.0,
    "pct2ResTime" : 1523.0,
    "pct3ResTime" : 2444.9900000000016,
    "throughput" : 71.66123425363632,
    "receivedKBytesPerSec" : 3028.7416567022365,
    "sentKBytesPerSec" : 7.541208258821731
  },
  "5000Users" : {
    "transaction" : "5000Users",
    "sampleCount" : 5000,
    "errorCount" : 0,
    "errorPct" : 0.0,
    "meanResTime" : 11.272600000000025,
    "medianResTime" : 11.0,
    "minResTime" : 9.0,
    "maxResTime" : 81.0,
    "pct1ResTime" : 12.0,
    "pct2ResTime" : 14.0,
    "pct3ResTime" : 18.98999999999978,
    "throughput" : 83.301401129567,
    "receivedKBytesPerSec" : 10235.09022062376,
    "sentKBytesPerSec" : 9.761882944871132
  },
  "50000Plain" : {
    "transaction" : "50000Plain",
    "sampleCount" : 50000,
    "errorCount" : 0,
    "errorPct" : 0.0,
    "meanResTime" : 833.0117200000018,
    "medianResTime" : 338.0,
    "minResTime" : 8.0,
    "maxResTime" : 4823.0,
    "pct1ResTime" : 1208.0,
    "pct2ResTime" : 1523.0,
    "pct3ResTime" : 2444.9900000000016,
    "throughput" : 535.4522965548999,
    "receivedKBytesPerSec" : 86.80183713682948,
    "sentKBytesPerSec" : 62.74831600252733
  },
  "5000getEfCoreById" : {
    "transaction" : "5000getEfCoreById",
    "sampleCount" : 5000,
    "errorCount" : 0,
    "errorPct" : 0.0,
    "meanResTime" : 10.785599999999988,
    "medianResTime" : 10.0,
    "minResTime" : 9.0,
    "maxResTime" : 99.0,
    "pct1ResTime" : 12.0,
    "pct2ResTime" : 12.0,
    "pct3ResTime" : 16.0,
    "throughput" : 83.30556481172943,
    "receivedKBytesPerSec" : 24.16186791902699,
    "sentKBytesPerSec" : 10.982667235921358
  },