{
  "1000Users" : {
    "transaction" : "1000Users",
    "sampleCount" : 1000,
    "errorCount" : 0,
    "errorPct" : 0.0,
    "meanResTime" : 15.315000000000005,
    "medianResTime" : 14.0,
    "minResTime" : 10.0,
    "maxResTime" : 35.0,
    "pct1ResTime" : 20.0,
    "pct2ResTime" : 23.0,
    "pct3ResTime" : 27.99000000000001,
    "throughput" : 16.65861500274867,
    "receivedKBytesPerSec" : 2046.8134412117474,
    "sentKBytesPerSec" : 1.9521814456346098
  },
  "10000Users" : {
    "transaction" : "10000Users",
    "sampleCount" : 10000,
    "errorCount" : 0,
    "errorPct" : 0.0,
    "meanResTime" : 11.917400000000002,
    "medianResTime" : 11.0,
    "minResTime" : 8.0,
    "maxResTime" : 187.0,
    "pct1ResTime" : 14.0,
    "pct2ResTime" : 16.0,
    "pct3ResTime" : 34.0,
    "throughput" : 166.602802259134,
    "receivedKBytesPerSec" : 20470.18044124752,
    "sentKBytesPerSec" : 19.523765889742265
  },
  "1000getEfCoreById" : {
    "transaction" : "1000getEfCoreById",
    "sampleCount" : 1000,
    "errorCount" : 0,
    "errorPct" : 0.0,
    "meanResTime" : 12.764,
    "medianResTime" : 12.0,
    "minResTime" : 10.0,
    "maxResTime" : 91.0,
    "pct1ResTime" : 14.0,
    "pct2ResTime" : 16.0,
    "pct3ResTime" : 20.0,
    "throughput" : 16.662778684973503,
    "receivedKBytesPerSec" : 4.784039974006065,
    "sentKBytesPerSec" : 2.1967530492884992
  },
  "10000getEfCoreById" : {
    "transaction" : "10000getEfCoreById",
    "sampleCount" : 10000,
    "errorCount" : 0,
    "errorPct" : 0.0,
    "meanResTime" : 12.038099999999998,
    "medianResTime" : 11.0,
    "minResTime" : 8.0,
    "maxResTime" : 179.0,
    "pct1ResTime" : 14.0,
    "pct2ResTime" : 15.0,
    "pct3ResTime" : 30.0,
    "throughput" : 166.6139055965611,
    "receivedKBytesPerSec" : 47.836414302137655,
    "sentKBytesPerSec" : 21.965700444859127
  },
  "100Users" : {
    "transaction" : "100Users",
    "sampleCount" : 100,
    "errorCount" : 0,
    "errorPct" : 0.0,
    "meanResTime" : 18.47,
    "medianResTime" : 19.0,
    "minResTime" : 13.0,
    "maxResTime" : 33.0,
    "pct1ResTime" : 20.900000000000006,
    "pct2ResTime" : 21.94999999999999,
    "pct3ResTime" : 32.93999999999997,
    "throughput" : 1.665806000233213,
    "receivedKBytesPerSec" : 204.6745249329513,
    "sentKBytesPerSec" : 0.19521164065232963
  },
  "100getEfCoreById" : {
    "transaction" : "100getEfCoreById",
    "sampleCount" : 100,
    "errorCount" : 0,
    "errorPct" : 0.0,
    "meanResTime" : 27.55,
    "medianResTime" : 17.0,
    "minResTime" : 12.0,
    "maxResTime" : 820.0,
    "pct1ResTime" : 20.0,
    "pct2ResTime" : 22.899999999999977,
    "pct3ResTime" : 814.4899999999972,
    "throughput" : 1.6675838377774443,
    "receivedKBytesPerSec" : 0.4478374564343722,
    "sentKBytesPerSec" : 0.22798997782113498
  },
  "50000getEfCoreById" : {
    "transaction" : "50000getEfCoreById",
    "sampleCount" : 50000,
    "errorCount" : 22308,
    "errorPct" : 44.616,
    "meanResTime" : 10826.90486000006,
    "medianResTime" : 11152.5,
    "minResTime" : 19.0,
    "maxResTime" : 33531.0,
    "pct1ResTime" : 20384.0,
    "pct2ResTime" : 22580.9,
    "pct3ResTime" : 26666.99,
    "throughput" : 450.3206282873406,
    "receivedKBytesPerSec" : 637.8504180523408,
    "sentKBytesPerSec" : 32.88061803128828
  },
  "50000Users" : {
    "transaction" : "50000Users",
    "sampleCount" : 50000,
    "errorCount" : 18959,
    "errorPct" : 37.918,
    "meanResTime" : 15061.332680000032,
    "medianResTime" : 15236.5,
    "minResTime" : 23.0,
    "maxResTime" : 59072.0,
    "pct1ResTime" : 21465.9,
    "pct2ResTime" : 22508.0,
    "pct3ResTime" : 30653.970000000005,
    "throughput" : 371.6670755004497,
    "receivedKBytesPerSec" : 28747.006838732264,
    "sentKBytesPerSec" : 27.039650837365922
  },
  "10000getEfCore" : {
    "transaction" : "10000getEfCore",
    "sampleCount" : 10000,
    "errorCount" : 0,
    "errorPct" : 0.0,
    "meanResTime" : 198.3295000000001,
    "medianResTime" : 38.0,
    "minResTime" : 17.0,
    "maxResTime" : 2882.0,
    "pct1ResTime" : 463.0,
    "pct2ResTime" : 1150.8999999999978,
    "pct3ResTime" : 2112.959999999999,
    "throughput" : 162.60955818983038,
    "receivedKBytesPerSec" : 19581.430293347643,
    "sentKBytesPerSec" : 19.691001187049775
  },
  "1000getEfCore" : {
    "transaction" : "1000getEfCore",
    "sampleCount" : 1000,
    "errorCount" : 0,
    "errorPct" : 0.0,
    "meanResTime" : 23.251000000000012,
    "medianResTime" : 22.0,
    "minResTime" : 18.0,
    "maxResTime" : 342.0,
    "pct1ResTime" : 28.0,
    "pct2ResTime" : 33.94999999999993,
    "pct3ResTime" : 37.99000000000001,
    "throughput" : 16.6602802259134,
    "receivedKBytesPerSec" : 2006.2296432200988,
    "sentKBytesPerSec" : 2.0174558086067007
  },
  "100getEfCore" : {
    "transaction" : "100getEfCore",
    "sampleCount" : 100,
    "errorCount" : 0,
    "errorPct" : 0.0,
    "meanResTime" : 29.500000000000014,
    "medianResTime" : 28.0,
    "minResTime" : 22.0,
    "maxResTime" : 150.0,
    "pct1ResTime" : 31.0,
    "pct2ResTime" : 32.0,
    "pct3ResTime" : 148.95999999999947,
    "throughput" : 1.6655008160954,
    "receivedKBytesPerSec" : 200.5594781569568,
    "sentKBytesPerSec" : 0.20168173944905232
  },
  "10000Plain" : {
    "transaction" : "10000Plain",
    "sampleCount" : 10000,
    "errorCount" : 0,
    "errorPct" : 0.0,
    "meanResTime" : 8.908399999999986,
    "medianResTime" : 8.0,
    "minResTime" : 7.0,
    "maxResTime" : 182.0,
    "pct1ResTime" : 10.0,
    "pct2ResTime" : 12.0,
    "pct3ResTime" : 25.0,
    "throughput" : 166.63056337793478,
    "receivedKBytesPerSec" : 39.379488610801,
    "sentKBytesPerSec" : 19.52701914585173
  },
  "1000Plain" : {
    "transaction" : "1000Plain",
    "sampleCount" : 1000,
    "errorCount" : 0,
    "errorPct" : 0.0,
    "meanResTime" : 12.804999999999993,
    "medianResTime" : 13.0,
    "minResTime" : 9.0,
    "maxResTime" : 24.0,
    "pct1ResTime" : 16.0,
    "pct2ResTime" : 18.0,
    "pct3ResTime" : 21.0,
    "throughput" : 16.661945782028425,
    "receivedKBytesPerSec" : 3.9376864055184364,
    "sentKBytesPerSec" : 1.952571771331456
  },
  "Total" : {
    "transaction" : "Total",
    "sampleCount" : 264400,
    "errorCount" : 96608,
    "errorPct" : 36.538578,
    "meanResTime" : 11031.900552193507,
    "medianResTime" : 493.0,
    "minResTime" : 0.0,
    "maxResTime" : 84522.0,
    "pct1ResTime" : 992.0,
    "pct2ResTime" : 1197.0,
    "pct3ResTime" : 1684.0,
    "throughput" : 68.21680145763102,
    "receivedKBytesPerSec" : 2213.5892781906446,
    "sentKBytesPerSec" : 5.3153863621352375
  },
  "5000Users" : {
    "transaction" : "5000Users",
    "sampleCount" : 5000,
    "errorCount" : 5000,
    "errorPct" : 100.0,
    "meanResTime" : 21049.504799999973,
    "medianResTime" : 21050.0,
    "minResTime" : 21016.0,
    "maxResTime" : 21089.0,
    "pct1ResTime" : 21057.0,
    "pct2ResTime" : 21058.0,
    "pct3ResTime" : 21061.0,
    "throughput" : 61.697926949654494,
    "receivedKBytesPerSec" : 171.476855565153,
    "sentKBytesPerSec" : 0.0
  },
  "50000Plain" : {
    "transaction" : "50000Plain",
    "sampleCount" : 50000,
    "errorCount" : 0,
    "errorPct" : 0.0,
    "meanResTime" : 1147.0473599999932,
    "medianResTime" : 493.0,
    "minResTime" : 13.0,
    "maxResTime" : 6253.0,
    "pct1ResTime" : 992.0,
    "pct2ResTime" : 1197.0,
    "pct3ResTime" : 1684.0,
    "throughput" : 526.4266161297115,
    "receivedKBytesPerSec" : 124.40941514002948,
    "sentKBytesPerSec" : 61.69061907770057
  },
  "5000getEfCoreById" : {
    "transaction" : "5000getEfCoreById",
    "sampleCount" : 5000,
    "errorCount" : 5000,
    "errorPct" : 100.0,
    "meanResTime" : 21048.75380000001,
    "medianResTime" : 21049.0,
    "minResTime" : 21017.0,
    "maxResTime" : 21170.0,
    "pct1ResTime" : 21060.0,
    "pct2ResTime" : 21062.0,
    "pct3ResTime" : 21066.0,
    "throughput" : 61.67585636926569,
    "receivedKBytesPerSec" : 171.41551487004895,